reservoir,role,year,n_days,capacity_table,capacity_confidence,full_pool_af,peak_af,mean_af,low_af,peak_date,peak_pct,mean_pct,low_pct,flood_pool_af,peak_flood_pct,days_flood_storage,inflow_af,peak_inflow_cfs,peak_inflow_date,n_days_inflow
conchas,flood_control,1965,92,published pool capacity,published_pool,315735.0,350300.0,347463.0,343400.0,1965-10-19,110.9,110.0,108.8,515695.0,67.9,92,,,,
conchas,flood_control,1966,365,published pool capacity,published_pool,315735.0,347100.0,309878.0,274500.0,1966-02-27,109.9,98.1,86.9,515695.0,67.3,108,,,,
conchas,flood_control,1967,365,published pool capacity,published_pool,315735.0,284400.0,265577.0,225700.0,1967-09-17,90.1,84.1,71.5,515695.0,55.1,0,,,,
conchas,flood_control,1968,366,published pool capacity,published_pool,315735.0,272100.0,239695.0,208900.0,1968-03-13,86.2,75.9,66.2,515695.0,52.8,0,,,,
conchas,flood_control,1969,365,published pool capacity,published_pool,315735.0,313000.0,243287.0,192800.0,1969-12-30,99.1,77.1,61.1,515695.0,60.7,0,,,,
conchas,flood_control,1970,365,published pool capacity,published_pool,315735.0,320000.0,284218.0,239500.0,1970-04-23,101.4,90.0,75.9,515695.0,62.1,0,,,,
conchas,flood_control,1971,365,published pool capacity,published_pool,315735.0,241800.0,188236.0,150100.0,1971-02-21,76.6,59.6,47.5,515695.0,46.9,0,,,,
conchas,flood_control,1972,366,published pool capacity,published_pool,315735.0,216900.0,166821.0,111300.0,1972-12-30,68.7,52.8,35.3,515695.0,42.1,0,,,,
conchas,flood_control,1973,365,published pool capacity,published_pool,315735.0,315600.0,262998.0,217000.0,1973-06-01,100.0,83.3,68.7,515695.0,61.2,0,,,,
conchas,flood_control,1974,365,published pool capacity,published_pool,315735.0,256500.0,185979.0,129000.0,1974-02-12,81.2,58.9,40.9,515695.0,49.7,0,,,,
conchas,flood_control,1975,365,published pool capacity,published_pool,315735.0,133000.0,109027.0,81550.0,1975-03-16,42.1,34.5,25.8,515695.0,25.8,0,,,,
conchas,flood_control,1976,366,published pool capacity,published_pool,315735.0,95620.0,83340.0,78080.0,1976-07-29,30.3,26.4,24.7,515695.0,18.5,0,,,,
conchas,flood_control,1977,365,published pool capacity,published_pool,315735.0,129400.0,95074.0,80140.0,1977-09-04,41.0,30.1,25.4,515695.0,25.1,0,,,,
conchas,flood_control,1978,365,published pool capacity,published_pool,315735.0,118800.0,97820.0,80700.0,1978-07-01,37.6,31.0,25.6,515695.0,23.0,0,,,,
conchas,flood_control,1979,365,published pool capacity,published_pool,315735.0,179400.0,133705.0,88370.0,1979-08-29,56.8,42.3,28.0,515695.0,34.8,0,,,,
conchas,flood_control,1980,366,published pool capacity,published_pool,315735.0,182200.0,144498.0,114600.0,1980-06-13,57.7,45.8,36.3,515695.0,35.3,0,,,,
conchas,flood_control,1981,365,published pool capacity,published_pool,315735.0,158200.0,120241.0,77440.0,1981-09-17,50.1,38.1,24.5,515695.0,30.7,0,,,,
conchas,flood_control,1982,365,published pool capacity,published_pool,315735.0,245100.0,186688.0,125900.0,1982-08-31,77.6,59.1,39.9,515695.0,47.5,0,,,,
conchas,flood_control,1983,365,published pool capacity,published_pool,315735.0,291500.0,252559.0,222800.0,1983-06-20,92.3,80.0,70.6,515695.0,56.5,0,,,,
conchas,flood_control,1984,366,published pool capacity,published_pool,315735.0,225300.0,209647.0,194600.0,1984-02-14,71.4,66.4,61.6,515695.0,43.7,0,,,,
conchas,flood_control,1985,365,published pool capacity,published_pool,315735.0,302500.0,259254.0,205200.0,1985-06-26,95.8,82.1,65.0,515695.0,58.7,0,,,,
conchas,flood_control,1986,365,published pool capacity,published_pool,315735.0,317200.0,286652.0,256100.0,1986-12-31,100.5,90.8,81.1,515695.0,61.5,0,,,,
conchas,flood_control,1987,365,published pool capacity,published_pool,315735.0,335200.0,319252.0,299600.0,1987-03-03,106.2,101.1,94.9,515695.0,65.0,23,,,,
conchas,flood_control,1988,366,published pool capacity,published_pool,315735.0,292200.0,276470.0,263800.0,1988-03-06,92.5,87.6,83.6,515695.0,56.7,0,,,,
conchas,flood_control,1989,365,published pool capacity,published_pool,315735.0,268800.0,235184.0,209000.0,1989-03-13,85.1,74.5,66.2,515695.0,52.1,0,,,,
conchas,flood_control,1990,365,published pool capacity,published_pool,315735.0,216500.0,195690.0,165300.0,1990-03-31,68.6,62.0,52.4,515695.0,42.0,0,,,,
conchas,flood_control,1991,365,published pool capacity,published_pool,315735.0,287700.0,213544.0,160900.0,1991-12-31,91.1,67.6,51.0,515695.0,55.8,0,,,,
conchas,flood_control,1992,366,published pool capacity,published_pool,315735.0,307400.0,288913.0,259300.0,1992-04-01,97.4,91.5,82.1,515695.0,59.6,0,,,,
conchas,flood_control,1993,365,published pool capacity,published_pool,315735.0,278200.0,263219.0,245300.0,1993-04-20,88.1,83.4,77.7,515695.0,53.9,0,,,,
conchas,flood_control,1994,365,published pool capacity,published_pool,315735.0,317800.0,274093.0,247300.0,1994-05-23,100.7,86.8,78.3,515695.0,61.6,0,,,,
conchas,flood_control,1995,365,published pool capacity,published_pool,315735.0,318200.0,296424.0,273000.0,1995-07-20,100.8,93.9,86.5,515695.0,61.7,0,,,,
conchas,flood_control,1996,366,published pool capacity,published_pool,315735.0,306000.0,283119.0,244600.0,1996-02-20,96.9,89.7,77.5,515695.0,59.3,0,,,,
conchas,flood_control,1997,365,published pool capacity,published_pool,315735.0,324000.0,293205.0,279100.0,1997-06-08,102.6,92.9,88.4,515695.0,62.8,0,,,,
conchas,flood_control,1998,365,published pool capacity,published_pool,315735.0,311000.0,268755.0,227100.0,1998-04-12,98.5,85.1,71.9,515695.0,60.3,0,,,,
conchas,flood_control,1999,365,published pool capacity,published_pool,315735.0,322000.0,282545.0,235500.0,1999-05-02,102.0,89.5,74.6,515695.0,62.4,0,,,,
conchas,flood_control,2000,366,published pool capacity,published_pool,315735.0,296700.0,244646.0,179700.0,2000-04-08,94.0,77.5,56.9,515695.0,57.5,0,,,,
conchas,flood_control,2001,365,published pool capacity,published_pool,315735.0,207100.0,158852.0,103700.0,2001-04-10,65.6,50.3,32.8,515695.0,40.2,0,,,,
conchas,flood_control,2002,365,published pool capacity,published_pool,315735.0,104200.0,91856.0,79320.0,2002-01-12,33.0,29.1,25.1,515695.0,20.2,0,,,,
conchas,flood_control,2003,365,published pool capacity,published_pool,315735.0,88080.0,80583.0,71450.0,2003-01-01,27.9,25.5,22.6,515695.0,17.1,0,,,,
conchas,flood_control,2004,366,published pool capacity,published_pool,315735.0,124998.0,97401.0,70109.0,2004-12-30,39.6,30.8,22.2,515695.0,24.2,0,,,,
conchas,flood_control,2005,365,published pool capacity,published_pool,315735.0,196213.0,159851.0,124970.0,2005-06-06,62.1,50.6,39.6,515695.0,38.0,0,,,,
conchas,flood_control,2006,365,published pool capacity,published_pool,315735.0,161393.0,146769.0,116696.0,2006-01-11,51.1,46.5,37.0,515695.0,31.3,0,,,,
conchas,flood_control,2007,365,published pool capacity,published_pool,315735.0,149373.0,131908.0,101041.0,2007-06-02,47.3,41.8,32.0,515695.0,29.0,0,,,,
conchas,flood_control,2008,366,published pool capacity,published_pool,315735.0,102794.0,92953.0,82735.0,2008-03-18,32.6,29.4,26.2,515695.0,19.9,0,,,,
conchas,flood_control,2009,365,published pool capacity,published_pool,315735.0,89799.0,84799.0,79584.0,2009-09-21,28.4,26.9,25.2,515695.0,17.4,0,,,,
conchas,flood_control,2010,365,published pool capacity,published_pool,315735.0,101964.0,90564.0,83126.0,2010-06-13,32.3,28.7,26.3,515695.0,19.8,0,,,,
conchas,flood_control,2011,365,published pool capacity,published_pool,315735.0,84036.0,78602.0,68919.0,2011-03-06,26.6,24.9,21.8,515695.0,16.3,0,21839.0,4931.0,2011-09-17,364.0
conchas,flood_control,2012,366,published pool capacity,published_pool,315735.0,78096.0,70487.0,63486.0,2012-01-01,24.7,22.3,20.1,515695.0,15.1,0,11183.0,1299.0,2012-09-30,366.0
conchas,flood_control,2013,365,published pool capacity,published_pool,315735.0,160435.0,93583.0,57357.0,2013-10-02,50.8,29.6,18.2,515695.0,31.1,0,115855.0,6197.0,2013-09-12,365.0
conchas,flood_control,2014,365,published pool capacity,published_pool,315735.0,168684.0,151199.0,136485.0,2014-08-10,53.4,47.9,43.2,515695.0,32.7,0,79259.0,6524.0,2014-07-29,365.0
conchas,flood_control,2015,365,published pool capacity,published_pool,315735.0,198689.0,167010.0,136581.0,2015-12-30,62.9,52.9,43.3,515695.0,38.5,0,121773.0,4452.0,2015-10-23,365.0
conchas,flood_control,2016,366,published pool capacity,published_pool,315735.0,200671.0,169432.0,131694.0,2016-03-06,63.6,53.7,41.7,515695.0,38.9,0,36251.0,882.0,2016-09-08,366.0
conchas,flood_control,2017,365,published pool capacity,published_pool,314797.0,272239.0,169571.0,121658.0,2017-12-25,86.5,53.9,38.6,514264.0,52.9,0,208873.0,9226.0,2017-10-06,365.0
conchas,flood_control,2018,365,published pool capacity,published_pool,314797.0,274395.0,229139.0,184256.0,2018-02-18,87.2,72.8,58.5,514264.0,53.4,0,47774.0,1692.0,2018-10-25,365.0
conchas,flood_control,2019,365,published pool capacity,published_pool,314797.0,192912.0,169573.0,134270.0,2019-06-13,61.3,53.9,42.7,514264.0,37.5,0,50765.0,767.0,2019-06-06,365.0
conchas,flood_control,2020,366,published pool capacity,published_pool,314797.0,134425.0,106782.0,75858.0,2020-01-01,42.7,33.9,24.1,514264.0,26.1,0,13515.0,244.0,2020-07-21,366.0
conchas,flood_control,2021,365,published pool capacity,published_pool,314797.0,86554.0,78010.0,69370.0,2021-09-04,27.5,24.8,22.0,514264.0,16.8,0,28797.0,1015.0,2021-07-08,365.0
conchas,flood_control,2022,365,published pool capacity,published_pool,314797.0,86354.0,79470.0,70228.0,2022-11-01,27.4,25.2,22.3,514264.0,16.8,0,30904.0,696.0,2022-08-06,365.0
conchas,flood_control,2023,365,published pool capacity,published_pool,314797.0,145215.0,111737.0,81267.0,2023-07-25,46.1,35.5,25.8,514264.0,28.2,0,84034.0,10571.0,2023-05-28,365.0
conchas,flood_control,2024,366,published pool capacity,published_pool,314797.0,182085.0,131492.0,114049.0,2024-12-30,57.8,41.8,36.2,514264.0,35.4,0,127133.0,7208.0,2024-10-22,366.0
conchas,flood_control,2025,365,published pool capacity,published_pool,314797.0,250071.0,216135.0,175385.0,2025-09-09,79.4,68.7,55.7,514264.0,48.6,0,159855.0,3582.0,2025-05-09,365.0
conchas,flood_control,2026,257,published pool capacity,published_pool,314797.0,242305.0,215446.0,148645.0,2026-03-01,77.0,68.4,47.2,514264.0,47.1,0,,239.0,2026-06-10,254.0
