segment,week_start,mean_cfs,n_gauges,min_cfs,max_cfs
Upper Rio Grande,2025-09-22,211.1,4,65.6,376.7
Upper Rio Grande,2025-09-29,195.5,4,71.3,291.0
Upper Rio Grande,2025-10-06,188.5,4,77.0,248.0
Upper Rio Grande,2025-10-13,642.0,4,486.2,805.1
Upper Rio Grande,2025-10-20,598.2,4,392.6,789.3
Upper Rio Grande,2025-10-27,474.9,4,341.3,572.4
Upper Rio Grande,2025-11-03,734.1,4,612.6,806.9
Upper Rio Grande,2025-11-10,733.9,4,572.4,847.1
Upper Rio Grande,2025-11-17,725.5,4,551.4,875.4
Upper Rio Grande,2025-11-24,725.9,4,530.0,937.6
Upper Rio Grande,2025-12-01,867.7,4,450.0,1775.7
Upper Rio Grande,2025-12-08,824.7,4,433.9,1691.4
Upper Rio Grande,2025-12-15,660.2,4,432.6,1016.1
Upper Rio Grande,2025-12-22,614.9,4,435.6,832.4
Upper Rio Grande,2025-12-29,571.3,4,399.7,784.9
Upper Rio Grande,2026-01-05,573.7,4,392.1,805.4
Upper Rio Grande,2026-01-12,477.2,4,309.0,703.4
Upper Rio Grande,2026-01-19,470.5,4,302.7,684.7
Upper Rio Grande,2026-01-26,413.2,4,262.9,589.3
Upper Rio Grande,2026-02-02,477.1,4,335.0,631.6
Upper Rio Grande,2026-02-09,522.0,4,375.7,677.0
Upper Rio Grande,2026-02-16,487.7,4,339.9,642.3
Upper Rio Grande,2026-02-23,494.5,4,354.9,638.6
Upper Rio Grande,2026-03-02,632.3,4,478.1,767.6
Upper Rio Grande,2026-03-09,611.4,4,454.3,747.0
Upper Rio Grande,2026-03-16,543.1,4,387.6,689.4
Upper Rio Grande,2026-03-23,467.7,4,292.4,653.3
Upper Rio Grande,2026-03-30,320.3,4,112.9,641.1
Upper Rio Grande,2026-04-06,300.6,4,111.0,585.7
Upper Rio Grande,2026-04-13,277.4,4,101.3,525.9
Upper Rio Grande,2026-04-20,238.3,4,85.4,439.0
Upper Rio Grande,2026-04-27,234.8,4,86.2,433.4
Upper Rio Grande,2026-05-04,244.2,4,117.7,362.3
Upper Rio Grande,2026-05-11,212.4,4,90.1,321.3
Upper Rio Grande,2026-05-18,242.6,4,99.6,421.0
Upper Rio Grande,2026-05-25,230.0,4,110.4,322.7
Upper Rio Grande,2026-06-01,203.0,4,85.1,302.9
Upper Rio Grande,2026-06-08,197.0,4,69.2,332.9
Upper Rio Grande,2026-06-15,182.8,4,68.0,278.6
Upper Rio Grande,2026-06-22,181.6,4,56.3,323.3
Upper Rio Grande,2026-06-29,164.6,4,50.5,298.4
Upper Rio Grande,2026-07-06,152.9,4,44.2,282.0
Upper Rio Grande,2026-07-13,157.4,4,39.6,305.6
Upper Rio Grande,2026-07-20,140.6,4,38.9,242.4
Upper Rio Grande,2026-07-27,138.4,4,38.0,231.4
Upper Rio Grande,2026-08-03,138.6,4,35.6,244.7
Upper Rio Grande,2026-08-10,138.2,4,33.4,243.3
Upper Rio Grande,2026-08-17,144.6,4,32.6,266.7
Upper Rio Grande,2026-08-24,126.4,4,32.8,188.1
Upper Rio Grande,2026-08-31,179.1,4,36.5,396.1
Upper Rio Grande,2026-09-07,121.2,4,34.1,170.1
Upper Rio Grande,2026-09-14,169.9,4,34.6,341.7
Rio Grande-Santa Fe,2025-09-22,204.4,1,204.4,204.4
Rio Grande-Santa Fe,2025-09-29,191.4,1,191.4,191.4
Rio Grande-Santa Fe,2025-10-06,136.7,1,136.7,136.7
Rio Grande-Santa Fe,2025-10-13,449.0,1,449.0,449.0
Rio Grande-Santa Fe,2025-10-20,849.6,1,849.6,849.6
Rio Grande-Santa Fe,2025-10-27,465.0,1,465.0,465.0
Rio Grande-Santa Fe,2025-11-03,657.4,1,657.4,657.4
Rio Grande-Santa Fe,2025-11-10,795.3,1,795.3,795.3
Rio Grande-Santa Fe,2025-11-17,828.0,1,828.0,828.0
Rio Grande-Santa Fe,2025-11-24,957.3,1,957.3,957.3
Rio Grande-Santa Fe,2025-12-01,1721.4,1,1721.4,1721.4
Rio Grande-Santa Fe,2025-12-08,1821.4,1,1821.4,1821.4
Rio Grande-Santa Fe,2025-12-15,1016.6,1,1016.6,1016.6
Rio Grande-Santa Fe,2025-12-22,741.6,1,741.6,741.6
Rio Grande-Santa Fe,2025-12-29,707.4,1,707.4,707.4
Rio Grande-Santa Fe,2026-01-05,795.1,1,795.1,795.1
Rio Grande-Santa Fe,2026-01-12,615.3,1,615.3,615.3
Rio Grande-Santa Fe,2026-01-19,639.3,1,639.3,639.3
Rio Grande-Santa Fe,2026-01-26,535.4,1,535.4,535.4
Rio Grande-Santa Fe,2026-02-02,592.1,1,592.1,592.1
Rio Grande-Santa Fe,2026-02-09,629.3,1,629.3,629.3
Rio Grande-Santa Fe,2026-02-16,599.4,1,599.4,599.4
Rio Grande-Santa Fe,2026-02-23,564.3,1,564.3,564.3
Rio Grande-Santa Fe,2026-03-02,701.0,1,701.0,701.0
Rio Grande-Santa Fe,2026-03-09,722.9,1,722.9,722.9
Rio Grande-Santa Fe,2026-03-16,630.1,1,630.1,630.1
Rio Grande-Santa Fe,2026-03-23,513.3,1,513.3,513.3
Rio Grande-Santa Fe,2026-03-30,482.6,1,482.6,482.6
Rio Grande-Santa Fe,2026-04-06,452.9,1,452.9,452.9
Rio Grande-Santa Fe,2026-04-13,399.7,1,399.7,399.7
Rio Grande-Santa Fe,2026-04-20,328.3,1,328.3,328.3
Rio Grande-Santa Fe,2026-04-27,330.7,1,330.7,330.7
Rio Grande-Santa Fe,2026-05-04,222.1,1,222.1,222.1
Rio Grande-Santa Fe,2026-05-11,222.0,1,222.0,222.0
Rio Grande-Santa Fe,2026-05-18,278.4,1,278.4,278.4
Rio Grande-Santa Fe,2026-05-25,212.4,1,212.4,212.4
Rio Grande-Santa Fe,2026-06-01,151.0,1,151.0,151.0
Rio Grande-Santa Fe,2026-06-08,138.6,1,138.6,138.6
Rio Grande-Santa Fe,2026-06-15,173.7,1,173.7,173.7
Rio Grande-Santa Fe,2026-06-22,155.3,1,155.3,155.3
Rio Grande-Santa Fe,2026-06-29,159.1,1,159.1,159.1
Rio Grande-Santa Fe,2026-07-06,127.3,1,127.3,127.3
Rio Grande-Santa Fe,2026-07-13,132.6,1,132.6,132.6
Rio Grande-Santa Fe,2026-07-20,157.9,1,157.9,157.9
Rio Grande-Santa Fe,2026-07-27,90.0,1,90.0,90.0
Rio Grande-Santa Fe,2026-08-03,55.0,1,55.0,55.0
Rio Grande-Santa Fe,2026-08-10,62.9,1,62.9,62.9
Rio Grande-Santa Fe,2026-08-17,95.9,1,95.9,95.9
Rio Grande-Santa Fe,2026-08-24,66.2,1,66.2,66.2
Rio Grande-Santa Fe,2026-08-31,200.7,1,200.7,200.7
Rio Grande-Santa Fe,2026-09-07,67.9,1,67.9,67.9
Rio Grande-Santa Fe,2026-09-14,248.0,1,248.0,248.0
Rio Grande-Albuquerque,2025-09-22,71.9,9,8.4,143.6
Rio Grande-Albuquerque,2025-09-29,165.9,9,64.1,307.9
Rio Grande-Albuquerque,2025-10-06,165.3,9,64.6,400.7
Rio Grande-Albuquerque,2025-10-13,232.4,9,143.5,297.6
Rio Grande-Albuquerque,2025-10-20,634.6,9,417.3,765.6
Rio Grande-Albuquerque,2025-10-27,417.2,9,320.3,506.0
Rio Grande-Albuquerque,2025-11-03,579.6,9,498.9,665.7
Rio Grande-Albuquerque,2025-11-10,761.7,9,701.9,800.1
Rio Grande-Albuquerque,2025-11-17,785.3,9,737.3,849.3
Rio Grande-Albuquerque,2025-11-24,890.3,9,833.6,973.6
Rio Grande-Albuquerque,2025-12-01,1274.3,9,1112.0,1375.1
Rio Grande-Albuquerque,2025-12-08,1613.0,9,1494.3,1704.3
Rio Grande-Albuquerque,2025-12-15,1093.0,9,966.4,1191.4
Rio Grande-Albuquerque,2025-12-22,711.8,9,628.3,768.9
Rio Grande-Albuquerque,2025-12-29,639.4,9,576.0,694.3
Rio Grande-Albuquerque,2026-01-05,703.5,9,664.1,756.1
Rio Grande-Albuquerque,2026-01-12,581.6,9,520.1,681.1
Rio Grande-Albuquerque,2026-01-19,590.2,9,543.9,661.7
Rio Grande-Albuquerque,2026-01-26,511.7,9,468.0,583.0
Rio Grande-Albuquerque,2026-02-02,519.1,9,447.7,570.0
Rio Grande-Albuquerque,2026-02-09,566.0,9,492.6,618.6
Rio Grande-Albuquerque,2026-02-16,563.6,9,507.1,632.0
Rio Grande-Albuquerque,2026-02-23,496.3,9,454.1,564.1
Rio Grande-Albuquerque,2026-03-02,423.6,9,319.6,487.4
Rio Grande-Albuquerque,2026-03-09,415.8,9,321.7,486.6
Rio Grande-Albuquerque,2026-03-16,286.6,9,183.9,422.6
Rio Grande-Albuquerque,2026-03-23,183.6,9,67.2,337.7
Rio Grande-Albuquerque,2026-03-30,150.0,9,9.7,314.0
Rio Grande-Albuquerque,2026-04-06,125.7,9,0.0,299.4
Rio Grande-Albuquerque,2026-04-13,97.5,9,0.0,277.3
Rio Grande-Albuquerque,2026-04-20,80.5,9,0.0,237.7
Rio Grande-Albuquerque,2026-04-27,67.8,9,0.0,195.6
Rio Grande-Albuquerque,2026-05-04,39.4,9,0.0,107.1
Rio Grande-Albuquerque,2026-05-11,23.6,9,0.0,69.9
Rio Grande-Albuquerque,2026-05-18,43.0,9,0.0,133.9
Rio Grande-Albuquerque,2026-05-25,24.4,9,0.0,76.3
Rio Grande-Albuquerque,2026-06-01,8.7,9,0.0,28.5
Rio Grande-Albuquerque,2026-06-08,6.0,9,0.0,30.6
Rio Grande-Albuquerque,2026-06-15,6.8,9,0.0,34.2
Rio Grande-Albuquerque,2026-06-22,7.1,9,0.0,39.7
Rio Grande-Albuquerque,2026-06-29,6.1,9,0.0,38.4
Rio Grande-Albuquerque,2026-07-06,6.3,9,0.0,41.1
Rio Grande-Albuquerque,2026-07-13,11.0,9,0.0,40.5
Rio Grande-Albuquerque,2026-07-20,17.6,9,0.0,62.1
Rio Grande-Albuquerque,2026-07-27,10.8,9,0.0,45.0
Rio Grande-Albuquerque,2026-08-03,6.5,9,0.0,37.0
Rio Grande-Albuquerque,2026-08-10,6.2,9,0.0,36.1
Rio Grande-Albuquerque,2026-08-17,6.9,9,0.0,37.7
Rio Grande-Albuquerque,2026-08-24,6.4,9,0.0,39.4
Rio Grande-Albuquerque,2026-08-31,19.0,9,0.0,87.4
Rio Grande-Albuquerque,2026-09-07,11.3,9,0.0,44.7
Rio Grande-Albuquerque,2026-09-14,271.8,9,43.0,676.5
Elephant Butte Reservoir,2025-09-22,45.6,2,20.4,70.8
Elephant Butte Reservoir,2025-09-29,234.4,2,185.3,283.6
Elephant Butte Reservoir,2025-10-06,197.7,2,169.5,225.9
Elephant Butte Reservoir,2025-10-13,63.2,2,52.5,73.9
Elephant Butte Reservoir,2025-10-20,344.2,2,315.9,372.6
Elephant Butte Reservoir,2025-10-27,191.2,2,189.9,192.6
Elephant Butte Reservoir,2025-11-03,282.7,2,261.7,303.7
Elephant Butte Reservoir,2025-11-10,519.6,2,503.1,536.1
Elephant Butte Reservoir,2025-11-17,608.6,2,570.1,647.1
Elephant Butte Reservoir,2025-11-24,782.8,2,639.9,925.7
Elephant Butte Reservoir,2025-12-01,825.6,2,765.0,886.1
Elephant Butte Reservoir,2025-12-08,1157.1,2,1091.4,1222.9
Elephant Butte Reservoir,2025-12-15,766.3,2,758.3,774.3
Elephant Butte Reservoir,2025-12-22,482.7,2,443.4,522.0
Elephant Butte Reservoir,2025-12-29,516.1,2,476.0,556.3
Elephant Butte Reservoir,2026-01-05,573.3,2,514.4,632.1
Elephant Butte Reservoir,2026-01-12,516.6,2,452.1,581.1
Elephant Butte Reservoir,2026-01-19,449.5,2,408.0,491.0
Elephant Butte Reservoir,2026-01-26,445.6,2,392.1,499.1
Elephant Butte Reservoir,2026-02-02,380.0,2,352.0,408.0
Elephant Butte Reservoir,2026-02-09,454.2,2,397.4,511.0
Elephant Butte Reservoir,2026-02-16,517.0,2,432.4,601.6
Elephant Butte Reservoir,2026-02-23,436.0,2,350.6,521.4
Elephant Butte Reservoir,2026-03-02,335.6,2,248.7,422.6
Elephant Butte Reservoir,2026-03-09,313.1,2,264.0,362.3
Elephant Butte Reservoir,2026-03-16,179.6,2,135.9,223.3
Elephant Butte Reservoir,2026-03-23,55.5,2,10.1,100.9
Elephant Butte Reservoir,2026-03-30,42.6,2,0.0,85.2
Elephant Butte Reservoir,2026-04-06,59.4,2,0.0,118.7
Elephant Butte Reservoir,2026-04-13,52.6,2,0.0,105.1
Elephant Butte Reservoir,2026-04-20,44.5,2,0.0,89.0
Elephant Butte Reservoir,2026-04-27,40.5,2,0.0,81.1
Elephant Butte Reservoir,2026-05-04,36.8,2,0.0,73.7
Elephant Butte Reservoir,2026-05-11,31.6,2,0.0,63.2
Elephant Butte Reservoir,2026-05-18,24.0,2,0.0,47.9
Elephant Butte Reservoir,2026-05-25,23.5,2,0.0,46.9
Elephant Butte Reservoir,2026-06-01,22.8,2,0.0,45.6
Elephant Butte Reservoir,2026-06-08,16.3,2,0.0,32.5
Elephant Butte Reservoir,2026-06-15,12.4,2,0.0,24.7
Elephant Butte Reservoir,2026-06-22,8.1,2,0.0,16.2
Elephant Butte Reservoir,2026-06-29,4.3,2,0.0,8.6
Elephant Butte Reservoir,2026-07-06,0.5,2,0.0,1.0
Elephant Butte Reservoir,2026-07-13,0.0,2,0.0,0.0
Elephant Butte Reservoir,2026-07-20,0.0,2,0.0,0.0
Elephant Butte Reservoir,2026-07-27,0.0,2,0.0,0.0
Elephant Butte Reservoir,2026-08-03,0.0,2,0.0,0.0
Elephant Butte Reservoir,2026-08-10,0.0,2,0.0,0.0
Elephant Butte Reservoir,2026-08-17,0.0,2,0.0,0.0
Elephant Butte Reservoir,2026-08-24,0.0,2,0.0,0.0
Elephant Butte Reservoir,2026-08-31,0.0,2,0.0,0.0
Elephant Butte Reservoir,2026-09-07,0.0,2,0.0,0.1
Elephant Butte Reservoir,2026-09-14,175.6,2,135.2,216.0
Caballo,2025-09-22,0.1,1,0.1,0.1
Caballo,2025-09-29,0.1,1,0.1,0.1
Caballo,2025-10-06,0.2,1,0.2,0.2
Caballo,2025-10-13,0.3,1,0.3,0.3
Caballo,2025-10-20,0.3,1,0.3,0.3
Caballo,2025-10-27,0.3,1,0.3,0.3
Caballo,2025-11-03,0.3,1,0.3,0.3
Caballo,2025-11-10,0.2,1,0.2,0.2
Caballo,2025-11-17,0.4,1,0.4,0.4
Caballo,2025-11-24,0.3,1,0.3,0.3
Caballo,2025-12-01,0.4,1,0.4,0.4
Caballo,2025-12-08,0.4,1,0.4,0.4
Caballo,2025-12-15,0.5,1,0.5,0.5
Caballo,2025-12-22,0.5,1,0.5,0.5
Caballo,2025-12-29,0.5,1,0.5,0.5
Caballo,2026-01-05,0.5,1,0.5,0.5
Caballo,2026-01-12,0.5,1,0.5,0.5
Caballo,2026-01-19,0.6,1,0.6,0.6
Caballo,2026-01-26,0.3,1,0.3,0.3
Caballo,2026-02-02,0.4,1,0.4,0.4
Caballo,2026-02-09,0.4,1,0.4,0.4
Caballo,2026-02-16,0.3,1,0.3,0.3
Caballo,2026-02-23,0.3,1,0.3,0.3
Caballo,2026-03-02,0.3,1,0.3,0.3
Caballo,2026-03-09,0.3,1,0.3,0.3
Caballo,2026-03-16,0.2,1,0.2,0.2
Caballo,2026-03-23,0.4,1,0.4,0.4
Caballo,2026-03-30,0.4,1,0.4,0.4
Caballo,2026-04-06,0.3,1,0.3,0.3
Caballo,2026-04-13,0.2,1,0.2,0.2
Caballo,2026-04-20,0.6,1,0.6,0.6
Caballo,2026-04-27,669.0,1,669.0,669.0
Caballo,2026-05-04,534.3,1,534.3,534.3
Caballo,2026-05-11,512.6,1,512.6,512.6
Caballo,2026-05-18,629.1,1,629.1,629.1
Caballo,2026-05-25,1639.1,1,1639.1,1639.1
Caballo,2026-06-01,2102.9,1,2102.9,2102.9
Caballo,2026-06-08,2005.7,1,2005.7,2005.7
Caballo,2026-06-15,2305.7,1,2305.7,2305.7
Caballo,2026-06-22,2334.3,1,2334.3,2334.3
Caballo,2026-06-29,1232.9,1,1232.9,1232.9
Caballo,2026-07-06,995.0,1,995.0,995.0
Caballo,2026-07-13,843.1,1,843.1,843.1
Caballo,2026-07-20,776.6,1,776.6,776.6
Caballo,2026-07-27,151.1,1,151.1,151.1
Caballo,2026-08-03,0.0,1,0.0,0.0
Caballo,2026-08-10,0.0,1,0.0,0.0
Caballo,2026-08-17,0.0,1,0.0,0.0
Caballo,2026-08-24,0.0,1,0.0,0.0
Caballo,2026-08-31,0.0,1,0.0,0.0
Caballo,2026-09-07,0.0,1,0.0,0.0
Caballo,2026-09-14,0.1,1,0.1,0.1
El Paso-Las Cruces,2025-09-22,0.0,1,0.0,0.0
El Paso-Las Cruces,2025-09-29,0.3,1,0.3,0.3
El Paso-Las Cruces,2025-10-06,1.0,1,1.0,1.0
El Paso-Las Cruces,2025-10-13,1.5,1,1.5,1.5
El Paso-Las Cruces,2025-10-20,1.0,1,1.0,1.0
El Paso-Las Cruces,2025-10-27,1.4,1,1.4,1.4
El Paso-Las Cruces,2025-11-03,0.4,1,0.4,0.4
El Paso-Las Cruces,2025-11-10,0.7,1,0.7,0.7
El Paso-Las Cruces,2025-11-17,0.7,1,0.7,0.7
El Paso-Las Cruces,2025-11-24,0.0,1,0.0,0.0
El Paso-Las Cruces,2025-12-01,0.0,1,0.0,0.0
El Paso-Las Cruces,2025-12-08,0.0,1,0.0,0.0
El Paso-Las Cruces,2025-12-15,0.1,1,0.1,0.1
El Paso-Las Cruces,2025-12-22,0.1,1,0.1,0.1
El Paso-Las Cruces,2025-12-29,0.1,1,0.1,0.1
El Paso-Las Cruces,2026-01-05,0.2,1,0.2,0.2
El Paso-Las Cruces,2026-01-12,0.2,1,0.2,0.2
El Paso-Las Cruces,2026-01-19,0.2,1,0.2,0.2
El Paso-Las Cruces,2026-01-26,0.3,1,0.3,0.3
El Paso-Las Cruces,2026-02-02,0.3,1,0.3,0.3
El Paso-Las Cruces,2026-02-09,0.1,1,0.1,0.1
El Paso-Las Cruces,2026-02-16,0.0,1,0.0,0.0
El Paso-Las Cruces,2026-02-23,0.0,1,0.0,0.0
El Paso-Las Cruces,2026-03-02,0.1,1,0.1,0.1
El Paso-Las Cruces,2026-03-09,0.5,1,0.5,0.5
El Paso-Las Cruces,2026-03-16,1.0,1,1.0,1.0
El Paso-Las Cruces,2026-03-23,1.0,1,1.0,1.0
El Paso-Las Cruces,2026-03-30,1.0,1,1.0,1.0
El Paso-Las Cruces,2026-04-06,1.0,1,1.0,1.0
El Paso-Las Cruces,2026-04-13,1.0,1,1.0,1.0
El Paso-Las Cruces,2026-04-20,1.0,1,1.0,1.0
El Paso-Las Cruces,2026-05-11,1.0,1,1.0,1.0
El Paso-Las Cruces,2026-05-18,1.0,1,1.0,1.0
El Paso-Las Cruces,2026-05-25,1099.2,1,1099.2,1099.2
El Paso-Las Cruces,2026-06-01,2773.7,1,2773.7,2773.7
El Paso-Las Cruces,2026-06-08,2663.6,1,2663.6,2663.6
El Paso-Las Cruces,2026-06-15,2458.1,1,2458.1,2458.1
El Paso-Las Cruces,2026-06-22,2233.8,1,2233.8,2233.8
El Paso-Las Cruces,2026-06-29,1210.4,1,1210.4,1210.4
El Paso-Las Cruces,2026-07-06,1050.3,1,1050.3,1050.3
El Paso-Las Cruces,2026-07-13,1010.6,1,1010.6,1010.6
El Paso-Las Cruces,2026-07-20,774.9,1,774.9,774.9
El Paso-Las Cruces,2026-07-27,268.2,1,268.2,268.2
El Paso-Las Cruces,2026-08-03,0.0,1,0.0,0.0
El Paso-Las Cruces,2026-08-10,0.9,1,0.9,0.9
El Paso-Las Cruces,2026-08-17,1.0,1,1.0,1.0
El Paso-Las Cruces,2026-08-24,1.0,1,1.0,1.0
El Paso-Las Cruces,2026-08-31,1.0,1,1.0,1.0
El Paso-Las Cruces,2026-09-07,0.9,1,0.9,0.9
El Paso-Las Cruces,2026-09-14,1.0,1,1.0,1.0
